,High Temp (Actual),High Temp (Historic Avg),High Temp (Record),Low Temp (Actual),Low Temp (Historic Avg),Low Temp (Record),Day Average Temp (Actual),Day Average Temp (Historic Avg),Day Average Temp (Record),Precipitation (past 24 hours from 07:53:00) (Actual),Precipitation (past 24 hours from 07:53:00) (Historic Avg),Precipitation (past 24 hours from 07:53:00) (Record),Dew Point (Actual),Dew Point (Historic Avg),Dew Point (Record),High (Actual),High (Historic Avg),High (Record),Low (Actual),Low (Historic Avg),Low (Record),Average (Actual),Average (Historic Avg),Average (Record),Max Wind Speed (Actual),Max Wind Speed (Historic Avg),Max Wind Speed (Record),Visibility (Actual),Visibility (Historic Avg),Visibility (Record),Sea Level Pressure (Actual),Sea Level Pressure (Historic Avg),Sea Level Pressure (Record),Date
0,60.0,66.5,87.0,37.0,44.8,26.0,48.46,55.6,,0.0,,,33.81,,,45.0,,,26.0,,,33.81,,,9.0,,,10.0,,,29.36,,,2004-01-01
1,52.0,66.6,86.0,48.0,44.8,27.0,50.29,55.7,,0.0,,,46.39,,,50.0,,,39.0,,,46.39,,,16.0,,,10.0,,,29.29,,,2004-01-02
2,55.0,66.6,86.0,42.0,44.9,27.0,48.0,55.8,,0.0,,,26.75,,,46.0,,,16.0,,,26.75,,,21.0,,,10.0,,,29.32,,,2004-01-03
3,60.0,66.7,89.0,37.0,45.0,28.0,47.25,55.8,,0.0,,,18.13,,,25.0,,,8.0,,,18.13,,,10.0,,,10.0,,,29.41,,,2004-01-04
4,64.0,66.8,89.0,39.0,45.0,27.0,49.38,55.9,,0.0,,,18.17,,,24.0,,,9.0,,,18.17,,,8.0,,,10.0,,,29.38,,,2004-01-05
5,63.0,66.9,87.0,42.0,45.1,26.0,52.63,56.0,,0.0,,,18.79,,,28.0,,,9.0,,,18.79,,,8.0,,,10.0,,,29.28,,,2004-01-06
6,68.0,67.0,87.0,46.0,45.1,27.0,55.08,56.0,,0.0,,,25.67,,,38.0,,,0.0,,,25.67,,,8.0,,,10.0,,,29.3,,,2004-01-07
7,75.0,67.0,89.0,40.0,45.2,30.0,54.58,56.1,,0.0,,,29.38,,,31.0,,,23.0,,,29.38,,,8.0,,,10.0,,,29.35,,,2004-01-08
8,74.0,67.1,88.0,46.0,45.2,31.0,57.83,56.1,,0.0,,,34.67,,,45.0,,,29.0,,,34.67,,,6.0,,,10.0,,,29.37,,,2004-01-09
9,79.0,67.1,85.0,46.0,45.3,31.0,61.17,56.2,,0.0,,,26.63,,,36.0,,,0.0,,,26.63,,,9.0,,,10.0,,,29.26,,,2004-01-10
10,77.0,67.2,85.0,47.0,45.3,33.0,61.17,56.2,,0.0,,,25.83,,,49.0,,,0.0,,,25.83,,,8.0,,,10.0,,,29.21,,,2004-01-11
11,67.0,67.2,91.0,44.0,45.3,30.0,52.6,56.3,,0.0,,,42.97,,,49.0,,,36.0,,,42.97,,,6.0,,,10.0,,,29.36,,,2004-01-12
12,79.0,67.2,86.0,47.0,45.4,26.0,61.67,56.3,,0.0,,,30.46,,,41.0,,,0.0,,,30.46,,,9.0,,,10.0,,,29.37,,,2004-01-13
13,78.0,67.2,89.0,51.0,45.4,27.0,62.62,56.3,,0.0,,,27.24,,,37.0,,,0.0,,,27.24,,,10.0,,,10.0,,,29.25,,,2004-01-14
14,70.0,67.3,91.0,51.0,45.4,31.0,58.42,56.3,,0.0,,,34.42,,,50.0,,,0.0,,,34.42,,,8.0,,,10.0,,,29.07,,,2004-01-15
15,64.0,67.3,89.0,43.0,45.4,32.0,50.19,56.3,,0.0,,,45.52,,,49.0,,,39.0,,,45.52,,,8.0,,,10.0,,,29.15,,,2004-01-16
16,64.0,67.3,90.0,48.0,45.4,29.0,54.75,56.3,,0.0,,,44.96,,,48.0,,,41.0,,,44.96,,,8.0,,,6.0,,,29.22,,,2004-01-17
17,61.0,67.2,92.0,43.0,45.4,32.0,50.67,56.3,,0.0,,,43.79,,,48.0,,,37.0,,,43.79,,,8.0,,,8.0,,,29.33,,,2004-01-18
18,64.0,67.2,88.0,46.0,45.4,30.0,53.58,56.3,,0.0,,,43.96,,,48.0,,,38.0,,,43.96,,,9.0,,,6.0,,,29.26,,,2004-01-19
19,58.0,67.2,85.0,46.0,45.4,34.0,51.24,56.3,,0.0,,,43.1,,,46.0,,,40.0,,,43.1,,,8.0,,,8.0,,,29.19,,,2004-01-20
20,67.0,67.2,84.0,48.0,45.4,32.0,58.08,56.3,,0.0,,,23.52,,,44.0,,,0.0,,,23.52,,,21.0,,,10.0,,,29.31,,,2004-01-21
21,72.0,67.1,82.0,53.0,45.4,33.0,62.57,56.3,,0.0,,,14.52,,,19.0,,,10.0,,,14.52,,,37.0,,,10.0,,,29.36,,,2004-01-22
22,69.0,67.1,80.0,46.0,45.5,33.0,56.17,56.3,,0.0,,,21.17,,,28.0,,,15.0,,,21.17,,,10.0,,,10.0,,,29.28,,,2004-01-23
23,56.0,67.1,82.0,43.0,45.5,33.0,51.05,56.3,,0.0,,,38.92,,,46.0,,,0.0,,,38.92,,,10.0,,,10.0,,,29.19,,,2004-01-24
24,62.0,67.0,88.0,45.0,45.5,29.0,53.25,56.2,,0.0,,,37.88,,,47.0,,,28.0,,,37.88,,,13.0,,,10.0,,,29.23,,,2004-01-25
25,61.0,67.0,86.0,40.0,45.5,33.0,50.96,56.2,,0.0,,,34.75,,,43.0,,,0.0,,,34.75,,,8.0,,,10.0,,,29.39,,,2004-01-26
26,62.0,66.9,90.0,43.0,45.5,30.0,52.12,56.2,,0.0,,,41.84,,,47.0,,,37.0,,,41.84,,,9.0,,,10.0,,,29.4,,,2004-01-27
27,63.0,66.9,86.0,48.0,45.5,32.0,55.08,56.2,,0.0,,,44.54,,,50.0,,,35.0,,,44.54,,,9.0,,,10.0,,,29.29,,,2004-01-28
28,66.0,66.8,86.0,43.0,45.5,22.0,54.25,56.1,,0.0,,,37.33,,,47.0,,,0.0,,,37.33,,,9.0,,,10.0,,,29.3,,,2004-01-29
29,65.0,66.8,89.0,43.0,45.5,29.0,53.92,56.1,,0.0,,,42.5,,,48.0,,,37.0,,,42.5,,,10.0,,,10.0,,,29.27,,,2004-01-30
30,61.0,66.7,93.0,48.0,45.5,28.0,53.93,56.1,,0.0,,,33.5,,,49.0,,,19.0,,,33.5,,,21.0,,,10.0,,,29.1,,,2004-01-31
31,63.0,66.7,90.0,38.0,45.5,31.0,50.38,56.1,,0.0,,,32.13,,,45.0,,,20.0,,,32.13,,,9.0,,,10.0,,,29.24,,,2004-02-01
32,59.0,66.6,90.0,44.0,45.5,29.0,51.33,56.1,,0.0,,,44.06,,,52.0,,,34.0,,,44.06,,,20.0,,,10.0,,,29.25,,,2004-02-02
33,56.0,66.6,90.0,41.0,45.6,31.0,48.46,56.1,,0.0,,,23.88,,,41.0,,,0.0,,,23.88,,,10.0,,,10.0,,,29.07,,,2004-02-03
34,62.0,66.5,89.0,45.0,45.6,31.0,53.29,56.1,,0.0,,,22.92,,,37.0,,,0.0,,,22.92,,,18.0,,,10.0,,,29.22,,,2004-02-04
35,65.0,66.5,88.0,44.0,45.6,31.0,55.16,56.1,,0.0,,,26.16,,,38.0,,,0.0,,,26.16,,,15.0,,,10.0,,,29.42,,,2004-02-05
36,68.0,66.5,84.0,44.0,45.7,29.0,54.17,56.1,,0.0,,,24.04,,,35.0,,,17.0,,,24.04,,,13.0,,,10.0,,,29.53,,,2004-02-06
37,67.0,66.5,87.0,42.0,45.7,32.0,54.8,56.1,,0.0,,,26.24,,,30.0,,,19.0,,,26.24,,,21.0,,,10.0,,,29.42,,,2004-02-07
38,67.0,66.5,90.0,39.0,45.8,34.0,54.79,56.1,,0.0,,,21.42,,,28.0,,,15.0,,,21.42,,,8.0,,,10.0,,,29.32,,,2004-02-08
39,66.0,66.5,91.0,41.0,45.9,36.0,55.67,56.2,,0.0,,,17.79,,,23.0,,,13.0,,,17.79,,,21.0,,,10.0,,,29.27,,,2004-02-09
40,69.0,66.5,90.0,51.0,45.9,32.0,59.63,56.2,,0.0,,,14.21,,,17.0,,,10.0,,,14.21,,,31.0,,,10.0,,,29.3,,,2004-02-10
41,68.0,66.5,89.0,40.0,46.0,33.0,54.29,56.2,,0.0,,,23.04,,,36.0,,,12.0,,,23.04,,,8.0,,,10.0,,,29.28,,,2004-02-11
42,70.0,66.5,89.0,42.0,46.1,29.0,55.08,56.3,,0.0,,,25.25,,,35.0,,,0.0,,,25.25,,,12.0,,,10.0,,,29.32,,,2004-02-12
43,63.0,66.5,90.0,40.0,46.1,35.0,52.0,56.3,,0.0,,,15.96,,,22.0,,,6.0,,,15.96,,,9.0,,,10.0,,,29.38,,,2004-02-13
44,65.0,66.5,90.0,42.0,46.2,30.0,52.79,56.4,,0.0,,,22.21,,,31.0,,,13.0,,,22.21,,,12.0,,,10.0,,,29.35,,,2004-02-14
45,63.0,66.6,91.0,40.0,46.3,27.0,52.13,56.5,,0.0,,,29.5,,,46.0,,,0.0,,,29.5,,,9.0,,,10.0,,,29.36,,,2004-02-15
46,71.0,66.6,94.0,50.0,46.4,32.0,58.54,56.5,,0.0,,,39.25,,,49.0,,,0.0,,,39.25,,,7.0,,,10.0,,,29.41,,,2004-02-16
47,76.0,66.7,87.0,48.0,46.5,28.0,59.96,56.6,,0.0,,,27.88,,,39.0,,,0.0,,,27.88,,,8.0,,,10.0,,,29.41,,,2004-02-17
48,54.0,66.8,92.0,47.0,46.6,32.0,50.71,56.7,,0.0,,,41.09,,,49.0,,,0.0,,,41.09,,,10.0,,,10.0,,,29.34,,,2004-02-18
49,61.0,66.8,89.0,47.0,46.7,34.0,54.71,56.8,,0.0,,,43.96,,,48.0,,,39.0,,,43.96,,,12.0,,,10.0,,,29.3,,,2004-02-19
50,56.0,66.9,89.0,50.0,46.8,36.0,53.0,56.9,,0.0,,,44.12,,,47.0,,,41.0,,,44.12,,,9.0,,,10.0,,,29.13,,,2004-02-20
51,54.0,67.0,90.0,48.0,46.9,35.0,50.04,57.0,,0.0,,,44.88,,,48.0,,,42.0,,,44.88,,,12.0,,,10.0,,,29.07,,,2004-02-21
52,57.0,67.1,91.0,49.0,47.0,34.0,52.51,57.1,,0.0,,,48.0,,,52.0,,,46.0,,,48.0,,,16.0,,,10.0,,,28.93,,,2004-02-22
53,58.0,67.2,85.0,48.0,47.1,36.0,51.0,57.2,,0.0,,,45.78,,,47.0,,,43.0,,,45.78,,,10.0,,,10.0,,,29.16,,,2004-02-23
54,58.0,67.3,91.0,49.0,47.3,36.0,53.11,57.3,,0.0,,,45.78,,,47.0,,,44.0,,,45.78,,,12.0,,,10.0,,,29.32,,,2004-02-24
55,58.0,67.4,88.0,48.0,47.4,29.0,52.81,57.4,,0.0,,,47.26,,,52.0,,,41.0,,,47.26,,,17.0,,,10.0,,,29.32,,,2004-02-25
56,59.0,67.5,92.0,48.0,47.5,35.0,53.37,57.5,,0.0,,,46.44,,,52.0,,,41.0,,,46.44,,,21.0,,,10.0,,,29.13,,,2004-02-26
57,60.0,67.6,86.0,44.0,47.6,32.0,51.58,57.6,,0.0,,,35.0,,,43.0,,,0.0,,,35.0,,,14.0,,,10.0,,,29.17,,,2004-02-27
58,64.0,67.7,87.0,49.0,47.7,34.0,54.92,57.7,,0.0,,,25.63,,,31.0,,,0.0,,,25.63,,,17.0,,,10.0,,,29.22,,,2004-02-28
59,61.0,67.8,81.0,43.0,47.8,36.0,51.68,57.8,,0.0,,,38.96,,,45.0,,,28.0,,,38.96,,,10.0,,,10.0,,,29.27,,,2004-02-29
60,57.0,67.8,88.0,48.0,47.8,33.0,51.18,57.8,,0.0,,,44.93,,,49.0,,,42.0,,,44.93,,,13.0,,,10.0,,,29.21,,,2004-03-01
61,59.0,67.9,84.0,46.0,47.9,29.0,51.79,57.9,,0.0,,,41.83,,,45.0,,,38.0,,,41.83,,,21.0,,,10.0,,,29.01,,,2004-03-02
62,72.0,68.1,87.0,50.0,48.0,28.0,61.65,58.0,,0.0,,,33.39,,,40.0,,,0.0,,,33.39,,,20.0,,,10.0,,,29.06,,,2004-03-03
63,65.0,68.2,93.0,49.0,48.1,32.0,57.92,58.2,,0.0,,,43.6,,,50.0,,,0.0,,,43.6,,,13.0,,,10.0,,,29.15,,,2004-03-04
64,65.0,68.3,92.0,52.0,48.2,32.0,57.07,58.3,,0.0,,,47.79,,,50.0,,,44.0,,,47.79,,,9.0,,,10.0,,,29.38,,,2004-03-05
65,73.0,68.4,88.0,47.0,48.3,35.0,59.96,58.4,,0.0,,,47.13,,,52.0,,,44.0,,,47.13,,,9.0,,,10.0,,,29.43,,,2004-03-06
66,86.0,68.5,90.0,51.0,48.4,22.0,69.79,58.5,,0.0,,,42.17,,,48.0,,,36.0,,,42.17,,,8.0,,,10.0,,,29.37,,,2004-03-07
67,90.0,68.7,94.0,58.0,48.5,27.0,74.25,58.6,,0.0,,,37.21,,,44.0,,,0.0,,,37.21,,,8.0,,,10.0,,,29.3,,,2004-03-08
68,87.0,68.8,90.0,59.0,48.6,30.0,73.67,58.7,,0.0,,,41.92,,,53.0,,,38.0,,,41.92,,,12.0,,,10.0,,,29.23,,,2004-03-09
69,87.0,68.9,90.0,57.0,48.7,25.0,73.25,58.8,,0.0,,,39.25,,,52.0,,,25.0,,,39.25,,,28.0,,,10.0,,,29.05,,,2004-03-10
70,86.0,69.0,93.0,57.0,48.8,29.0,72.83,58.9,,0.0,,,38.42,,,54.0,,,0.0,,,38.42,,,20.0,,,10.0,,,29.07,,,2004-03-11
71,69.0,69.1,92.0,55.0,48.8,34.0,58.87,59.0,,0.0,,,52.74,,,54.0,,,52.0,,,52.74,,,14.0,,,8.0,,,29.13,,,2004-03-12
72,71.0,69.2,93.0,56.0,48.9,30.0,61.79,59.1,,0.0,,,52.29,,,55.0,,,50.0,,,52.29,,,12.0,,,7.0,,,29.22,,,2004-03-13
73,76.0,69.4,93.0,51.0,49.0,36.0,58.08,59.2,,0.0,,,53.0,,,55.0,,,51.0,,,53.0,,,10.0,,,6.0,,,29.33,,,2004-03-14
74,76.0,69.5,91.0,54.0,49.0,31.0,61.1,59.2,,0.0,,,53.23,,,55.0,,,52.0,,,53.23,,,9.0,,,4.0,,,29.29,,,2004-03-15
75,90.0,69.6,91.0,53.0,49.1,35.0,69.12,59.3,,0.0,,,44.76,,,56.0,,,0.0,,,44.76,,,13.0,,,10.0,,,29.18,,,2004-03-16
76,89.0,69.7,92.0,54.0,49.1,29.0,69.75,59.4,,0.0,,,43.5,,,55.0,,,0.0,,,43.5,,,10.0,,,10.0,,,29.1,,,2004-03-17
77,80.0,69.8,89.0,53.0,49.2,29.0,62.17,59.5,,0.0,,,52.93,,,54.0,,,48.0,,,52.93,,,16.0,,,5.0,,,29.18,,,2004-03-18
78,76.0,69.9,89.0,54.0,49.3,28.0,60.61,59.6,,0.0,,,52.71,,,55.0,,,51.0,,,52.71,,,10.0,,,5.0,,,29.22,,,2004-03-19
79,80.0,70.0,95.0,51.0,49.3,35.0,59.27,59.6,,0.0,,,53.3,,,55.0,,,51.0,,,53.3,,,13.0,,,5.0,,,29.29,,,2004-03-20
80,76.0,70.1,93.0,54.0,49.4,32.0,60.79,59.7,,0.0,,,53.48,,,56.0,,,52.0,,,53.48,,,9.0,,,9.0,,,29.26,,,2004-03-21
81,80.0,70.2,86.0,54.0,49.4,34.0,61.29,59.8,,0.0,,,53.26,,,56.0,,,49.0,,,53.26,,,14.0,,,6.0,,,29.05,,,2004-03-22
82,64.0,70.3,86.0,55.0,49.5,31.0,58.85,59.9,,0.0,,,53.85,,,55.0,,,53.0,,,53.85,,,7.0,,,6.0,,,29.13,,,2004-03-23
83,68.0,70.3,92.0,56.0,49.5,38.0,61.08,59.9,,0.0,,,51.46,,,53.0,,,50.0,,,51.46,,,13.0,,,8.0,,,29.17,,,2004-03-24
84,70.0,70.4,95.0,50.0,49.6,35.0,58.18,60.0,,0.0,,,50.33,,,53.0,,,46.0,,,50.33,,,10.0,,,10.0,,,29.26,,,2004-03-25
85,71.0,70.5,98.0,55.0,49.6,34.0,61.0,60.1,,0.0,,,43.41,,,52.0,,,9.0,,,43.41,,,16.0,,,10.0,,,29.24,,,2004-03-26
86,74.0,70.6,94.0,54.0,49.7,40.0,63.75,60.1,,0.0,,,40.25,,,49.0,,,0.0,,,40.25,,,24.0,,,10.0,,,29.24,,,2004-03-27
87,87.0,70.7,88.0,53.0,49.7,39.0,71.83,60.2,,0.0,,,32.29,,,40.0,,,0.0,,,32.29,,,13.0,,,10.0,,,29.17,,,2004-03-28
88,90.0,70.8,93.0,58.0,49.8,37.0,74.92,60.3,,0.0,,,24.54,,,37.0,,,0.0,,,24.54,,,14.0,,,10.0,,,29.15,,,2004-03-29
89,80.0,70.9,90.0,56.0,49.9,38.0,66.96,60.4,,0.0,,,36.54,,,50.0,,,0.0,,,36.54,,,12.0,,,10.0,,,29.09,,,2004-03-30
90,70.0,71.0,93.0,53.0,49.9,34.0,60.76,60.5,,0.0,,,49.2,,,54.0,,,40.0,,,49.2,,,13.0,,,10.0,,,29.07,,,2004-03-31
91,62.0,71.1,93.0,54.0,50.0,35.0,57.35,60.5,,0.0,,,49.9,,,54.0,,,48.0,,,49.9,,,13.0,,,10.0,,,29.06,,,2004-04-01
92,65.0,71.2,94.0,49.0,50.1,33.0,57.08,60.6,,0.0,,,48.6,,,51.0,,,45.0,,,48.6,,,13.0,,,10.0,,,29.04,,,2004-04-02
93,63.0,71.3,89.0,55.0,50.2,38.0,59.33,60.7,,0.0,,,50.97,,,52.0,,,49.0,,,50.97,,,9.0,,,10.0,,,29.16,,,2004-04-03
94,70.0,71.4,99.0,54.0,50.2,39.0,60.93,60.8,,0.0,,,51.78,,,53.0,,,50.0,,,51.78,,,10.0,,,10.0,,,29.17,,,2004-04-04
95,70.0,71.5,102.0,54.0,50.3,32.0,59.68,60.9,,0.0,,,51.14,,,53.0,,,50.0,,,51.14,,,10.0,,,10.0,,,29.21,,,2004-04-05
96,64.0,71.6,105.0,55.0,50.4,39.0,58.12,61.0,,58.12,,,49.5,,,52.0,,,47.0,,,49.5,,,9.0,,,10.0,,,29.2,,,2004-04-06
97,70.0,71.7,101.0,51.0,50.5,36.0,58.48,61.1,,0.0,,,49.04,,,52.0,,,47.0,,,49.04,,,12.0,,,10.0,,,29.18,,,2004-04-07
98,67.0,71.8,99.0,52.0,50.7,35.0,58.1,61.2,,0.0,,,50.8,,,53.0,,,48.0,,,50.8,,,9.0,,,8.0,,,29.15,,,2004-04-08
99,71.0,71.9,95.0,57.0,50.8,33.0,61.71,61.3,,61.71,,,52.93,,,54.0,,,52.0,,,52.93,,,10.0,,,7.0,,,29.18,,,2004-04-09
100,68.0,72.0,92.0,55.0,50.9,37.0,59.2,61.5,,0.0,,,53.53,,,54.0,,,53.0,,,53.53,,,13.0,,,5.0,,,29.15,,,2004-04-10
101,81.0,72.1,91.0,55.0,51.0,35.0,66.46,61.6,,0.0,,,47.35,,,54.0,,,36.0,,,47.35,,,12.0,,,10.0,,,29.17,,,2004-04-11
102,75.0,72.3,92.0,55.0,51.2,38.0,65.57,61.7,,0.0,,,45.87,,,53.0,,,38.0,,,45.87,,,12.0,,,10.0,,,29.19,,,2004-04-12
103,74.0,72.4,102.0,49.0,51.3,36.0,58.18,61.9,,0.0,,,46.58,,,52.0,,,33.0,,,46.58,,,12.0,,,10.0,,,29.23,,,2004-04-13
104,71.0,72.5,96.0,49.0,51.5,39.0,60.25,62.0,,0.0,,,46.96,,,50.0,,,40.0,,,46.96,,,13.0,,,10.0,,,29.23,,,2004-04-14
105,71.0,72.6,94.0,52.0,51.6,38.0,61.09,62.1,,0.0,,,48.52,,,51.0,,,45.0,,,48.52,,,14.0,,,10.0,,,29.17,,,2004-04-15
106,67.0,72.7,95.0,53.0,51.8,37.0,58.64,62.3,,0.0,,,47.79,,,52.0,,,43.0,,,47.79,,,10.0,,,10.0,,,29.19,,,2004-04-16
107,59.0,72.9,93.0,50.0,52.0,37.0,53.69,62.4,,0.0,,,44.76,,,50.0,,,39.0,,,44.76,,,15.0,,,10.0,,,29.21,,,2004-04-17
108,66.0,73.0,91.0,44.0,52.1,39.0,55.54,62.6,,0.0,,,41.13,,,45.0,,,37.0,,,41.13,,,12.0,,,10.0,,,29.36,,,2004-04-18
109,67.0,73.1,93.0,48.0,52.3,38.0,58.22,62.7,,0.0,,,41.78,,,46.0,,,36.0,,,41.78,,,14.0,,,10.0,,,29.33,,,2004-04-19
110,70.0,73.2,97.0,49.0,52.5,38.0,60.0,62.9,,0.0,,,47.22,,,53.0,,,42.0,,,47.22,,,13.0,,,10.0,,,29.31,,,2004-04-20
111,71.0,73.4,90.0,52.0,52.7,37.0,60.52,63.0,,0.0,,,50.32,,,53.0,,,47.0,,,50.32,,,12.0,,,10.0,,,29.2,,,2004-04-21
112,75.0,73.5,93.0,53.0,52.9,4.0,62.78,63.2,,62.78,,,44.22,,,52.0,,,0.0,,,44.22,,,15.0,,,10.0,,,29.09,,,2004-04-22
113,87.0,73.6,93.0,61.0,53.1,38.0,74.78,63.3,,0.0,,,27.04,,,36.0,,,0.0,,,27.04,,,23.0,,,10.0,,,29.15,,,2004-04-23
114,87.0,73.7,99.0,58.0,53.3,39.0,73.43,63.5,,0.0,,,31.13,,,38.0,,,0.0,,,31.13,,,12.0,,,10.0,,,29.12,,,2004-04-24
115,93.0,73.8,93.0,58.0,53.5,37.0,76.83,63.6,,0.0,,,32.48,,,42.0,,,0.0,,,32.48,,,12.0,,,10.0,,,29.14,,,2004-04-25
116,98.0,73.9,99.0,64.0,53.6,41.0,81.61,63.8,,0.0,,,37.43,,,50.0,,,0.0,,,37.43,,,15.0,,,10.0,,,29.15,,,2004-04-26
117,100.0,74.0,100.0,73.0,53.8,39.0,86.83,63.9,,0.0,,,37.58,,,49.0,,,24.0,,,37.58,,,22.0,,,10.0,,,29.12,,,2004-04-27
118,78.0,74.1,101.0,61.0,54.0,38.0,67.68,64.1,,0.0,,,54.68,,,57.0,,,50.0,,,54.68,,,14.0,,,10.0,,,28.98,,,2004-04-28
119,70.0,74.2,99.0,58.0,54.2,40.0,62.38,64.2,,0.0,,,50.0,,,53.0,,,48.0,,,50.0,,,13.0,,,10.0,,,29.13,,,2004-04-29
120,74.0,74.3,95.0,53.0,54.4,42.0,63.68,64.4,,63.68,,,50.32,,,54.0,,,46.0,,,50.32,,,13.0,,,10.0,,,29.2,,,2004-04-30
121,92.0,74.4,94.0,55.0,54.6,40.0,75.22,64.5,,0.0,,,40.17,,,54.0,,,33.0,,,40.17,,,13.0,,,10.0,,,29.22,,,2004-05-01
122,99.0,74.5,99.0,63.0,54.8,43.0,82.52,64.7,,0.0,,,41.13,,,52.0,,,33.0,,,41.13,,,15.0,,,10.0,,,29.16,,,2004-05-02
123,102.0,74.6,101.0,69.0,55.0,44.0,86.46,64.8,,0.0,,,41.38,,,52.0,,,34.0,,,41.38,,,14.0,,,10.0,,,29.09,,,2004-05-03
124,91.0,74.7,97.0,69.0,55.1,46.0,80.83,64.9,,0.0,,,44.78,,,58.0,,,30.0,,,44.78,,,12.0,,,10.0,,,29.05,,,2004-05-04
125,85.0,74.8,100.0,60.0,55.3,46.0,71.79,65.0,,0.0,,,53.54,,,60.0,,,43.0,,,53.54,,,12.0,,,10.0,,,29.12,,,2004-05-05
126,88.0,74.8,100.0,57.0,55.5,41.0,71.88,65.2,,0.0,,,41.04,,,57.0,,,0.0,,,41.04,,,12.0,,,10.0,,,29.18,,,2004-05-06
127,90.0,74.9,100.0,64.0,55.6,42.0,76.7,65.3,,0.0,,,33.48,,,44.0,,,0.0,,,33.48,,,13.0,,,10.0,,,29.17,,,2004-05-07
128,84.0,75.0,99.0,60.0,55.8,41.0,72.74,65.4,,0.0,,,38.52,,,46.0,,,0.0,,,38.52,,,10.0,,,10.0,,,29.15,,,2004-05-08
129,82.0,75.0,96.0,62.0,55.9,43.0,71.74,65.5,,0.0,,,46.13,,,50.0,,,40.0,,,46.13,,,12.0,,,10.0,,,29.06,,,2004-05-09
130,72.0,75.1,95.0,59.0,56.1,46.0,65.0,65.6,,0.0,,,50.65,,,57.0,,,45.0,,,50.65,,,14.0,,,10.0,,,29.03,,,2004-05-10
131,73.0,75.2,97.0,55.0,56.2,44.0,63.43,65.7,,0.0,,,45.57,,,49.0,,,36.0,,,45.57,,,14.0,,,10.0,,,29.06,,,2004-05-11
132,73.0,75.2,102.0,54.0,56.3,45.0,65.22,65.8,,0.0,,,46.0,,,49.0,,,35.0,,,46.0,,,14.0,,,10.0,,,29.08,,,2004-05-12
133,82.0,75.3,102.0,55.0,56.5,46.0,69.65,65.9,,0.0,,,45.65,,,50.0,,,40.0,,,45.65,,,10.0,,,10.0,,,29.13,,,2004-05-13
134,88.0,75.3,100.0,59.0,56.6,45.0,73.57,66.0,,0.0,,,43.04,,,52.0,,,30.0,,,43.04,,,13.0,,,10.0,,,29.11,,,2004-05-14
135,81.0,75.4,100.0,59.0,56.7,44.0,71.04,66.0,,0.0,,,49.0,,,55.0,,,43.0,,,49.0,,,12.0,,,10.0,,,29.03,,,2004-05-15
136,76.0,75.5,100.0,60.0,56.8,43.0,66.21,66.1,,0.0,,,54.32,,,57.0,,,50.0,,,54.32,,,13.0,,,10.0,,,29.07,,,2004-05-16
137,72.0,75.5,98.0,61.0,56.9,45.0,64.75,66.2,,0.0,,,52.46,,,55.0,,,51.0,,,52.46,,,12.0,,,10.0,,,29.15,,,2004-05-17
138,72.0,75.6,98.0,60.0,57.0,44.0,65.83,66.3,,0.0,,,49.5,,,53.0,,,44.0,,,49.5,,,10.0,,,10.0,,,29.2,,,2004-05-18
139,73.0,75.6,95.0,56.0,57.1,45.0,64.87,66.4,,0.0,,,49.35,,,52.0,,,47.0,,,49.35,,,13.0,,,10.0,,,29.15,,,2004-05-19
140,70.0,75.7,93.0,58.0,57.2,42.0,63.42,66.4,,0.0,,,50.71,,,53.0,,,48.0,,,50.71,,,13.0,,,10.0,,,29.2,,,2004-05-20
141,69.0,75.8,95.0,57.0,57.2,39.0,61.63,66.5,,0.0,,,50.03,,,52.0,,,48.0,,,50.03,,,13.0,,,10.0,,,29.22,,,2004-05-21
142,71.0,75.8,95.0,55.0,57.3,28.0,62.08,66.6,,0.0,,,49.76,,,52.0,,,48.0,,,49.76,,,14.0,,,10.0,,,29.17,,,2004-05-22
143,67.0,75.9,93.0,57.0,57.4,47.0,61.07,66.7,,61.07,,,52.03,,,54.0,,,50.0,,,52.03,,,10.0,,,10.0,,,29.12,,,2004-05-23
144,68.0,76.0,93.0,57.0,57.5,42.0,61.38,66.7,,61.38,,,50.81,,,53.0,,,48.0,,,50.81,,,13.0,,,10.0,,,29.11,,,2004-05-24
145,66.0,76.1,103.0,57.0,57.5,43.0,60.68,66.8,,60.68,,,47.8,,,50.0,,,43.0,,,47.8,,,12.0,,,10.0,,,29.12,,,2004-05-25
146,71.0,76.2,100.0,57.0,57.6,42.0,63.09,66.9,,0.0,,,46.48,,,50.0,,,44.0,,,46.48,,,14.0,,,10.0,,,29.14,,,2004-05-26
147,70.0,76.3,100.0,55.0,57.7,46.0,61.3,67.0,,0.0,,,52.07,,,54.0,,,50.0,,,52.07,,,12.0,,,10.0,,,29.2,,,2004-05-27
148,67.0,76.4,104.0,57.0,57.8,47.0,61.48,67.1,,61.48,,,54.52,,,55.0,,,54.0,,,54.52,,,10.0,,,8.0,,,29.15,,,2004-05-28
149,74.0,76.5,107.0,59.0,57.8,45.0,66.04,67.2,,0.0,,,53.08,,,55.0,,,50.0,,,53.08,,,12.0,,,10.0,,,29.09,,,2004-05-29
150,89.0,76.6,99.0,56.0,57.9,49.0,72.7,67.3,,0.0,,,51.43,,,57.0,,,44.0,,,51.43,,,10.0,,,10.0,,,29.1,,,2004-05-30
151,88.0,76.8,98.0,59.0,58.0,48.0,74.78,67.4,,0.0,,,47.48,,,56.0,,,36.0,,,47.48,,,13.0,,,10.0,,,29.06,,,2004-05-31
152,84.0,76.9,99.0,62.0,58.1,43.0,73.87,67.5,,0.0,,,49.43,,,55.0,,,44.0,,,49.43,,,12.0,,,10.0,,,28.98,,,2004-06-01
153,83.0,77.1,104.0,62.0,58.1,43.0,70.64,67.6,,0.0,,,56.95,,,59.0,,,56.0,,,56.95,,,13.0,,,10.0,,,29.0,,,2004-06-02
154,82.0,77.3,99.0,63.0,58.2,45.0,69.79,67.7,,0.0,,,58.33,,,59.0,,,57.0,,,58.33,,,13.0,,,8.0,,,29.09,,,2004-06-03
155,86.0,77.4,104.0,60.0,58.3,46.0,72.04,67.9,,0.0,,,56.83,,,59.0,,,55.0,,,56.83,,,12.0,,,8.0,,,29.11,,,2004-06-04
156,84.0,77.6,101.0,60.0,58.4,47.0,70.71,68.0,,0.0,,,57.42,,,59.0,,,54.0,,,57.42,,,12.0,,,9.0,,,29.07,,,2004-06-05
157,78.0,77.8,99.0,61.0,58.5,46.0,67.22,68.2,,67.22,,,57.07,,,58.0,,,56.0,,,57.07,,,14.0,,,10.0,,,28.98,,,2004-06-06
158,68.0,78.0,98.0,62.0,58.6,47.0,64.69,68.3,,0.0,,,56.28,,,57.0,,,55.0,,,56.28,,,10.0,,,9.0,,,28.97,,,2004-06-07
159,71.0,78.2,100.0,62.0,58.7,49.0,65.3,68.5,,0.0,,,53.85,,,56.0,,,49.0,,,53.85,,,15.0,,,10.0,,,29.03,,,2004-06-08
160,72.0,78.5,100.0,55.0,58.8,50.0,62.28,68.6,,62.28,,,48.59,,,52.0,,,44.0,,,48.59,,,14.0,,,10.0,,,29.16,,,2004-06-09
161,73.0,78.7,107.0,55.0,58.9,48.0,64.61,68.8,,0.0,,,51.04,,,54.0,,,47.0,,,51.04,,,12.0,,,10.0,,,29.18,,,2004-06-10
162,78.0,78.9,110.0,57.0,59.1,46.0,67.52,69.0,,0.0,,,53.13,,,56.0,,,50.0,,,53.13,,,12.0,,,10.0,,,29.1,,,2004-06-11
163,78.0,79.2,109.0,60.0,59.2,48.0,68.21,69.2,,0.0,,,53.67,,,56.0,,,50.0,,,53.67,,,12.0,,,10.0,,,29.11,,,2004-06-12
164,81.0,79.5,106.0,61.0,59.3,48.0,69.83,69.4,,0.0,,,56.09,,,58.0,,,55.0,,,56.09,,,12.0,,,10.0,,,29.15,,,2004-06-13
165,78.0,79.7,100.0,63.0,59.5,48.0,67.93,69.6,,0.0,,,57.85,,,59.0,,,57.0,,,57.85,,,13.0,,,10.0,,,29.1,,,2004-06-14
166,78.0,80.0,105.0,62.0,59.6,51.0,66.96,69.8,,0.0,,,57.27,,,58.0,,,57.0,,,57.27,,,13.0,,,10.0,,,29.03,,,2004-06-15
167,69.0,80.3,108.0,62.0,59.8,49.0,64.52,70.0,,0.0,,,56.74,,,58.0,,,55.0,,,56.74,,,12.0,,,8.0,,,29.09,,,2004-06-16
168,72.0,80.6,108.0,60.0,59.9,47.0,65.79,70.3,,0.0,,,56.71,,,58.0,,,55.0,,,56.71,,,13.0,,,10.0,,,29.15,,,2004-06-17
169,78.0,80.8,103.0,60.0,60.1,50.0,64.93,70.5,,64.93,,,55.44,,,57.0,,,55.0,,,55.44,,,13.0,,,10.0,,,29.19,,,2004-06-18
170,70.0,81.1,109.0,60.0,60.3,48.0,63.17,70.7,,63.17,,,55.43,,,57.0,,,55.0,,,55.43,,,9.0,,,10.0,,,29.26,,,2004-06-19
171,76.0,81.4,111.0,60.0,60.5,44.0,65.0,70.9,,0.0,,,56.31,,,57.0,,,55.0,,,56.31,,,12.0,,,10.0,,,29.21,,,2004-06-20
172,74.0,81.7,108.0,61.0,60.6,53.0,63.88,71.2,,0.0,,,56.59,,,58.0,,,55.0,,,56.59,,,10.0,,,8.0,,,29.11,,,2004-06-21
173,76.0,82.0,104.0,62.0,60.8,52.0,66.6,71.4,,0.0,,,57.24,,,59.0,,,56.0,,,57.24,,,13.0,,,7.0,,,29.09,,,2004-06-22
174,81.0,82.3,102.0,62.0,61.0,52.0,67.38,71.7,,0.0,,,57.38,,,59.0,,,57.0,,,57.38,,,14.0,,,10.0,,,29.21,,,2004-06-23
175,82.0,82.6,107.0,61.0,61.2,53.0,69.72,71.9,,0.0,,,57.76,,,60.0,,,55.0,,,57.76,,,13.0,,,7.0,,,29.19,,,2004-06-24
176,87.0,82.9,111.0,62.0,61.4,49.0,71.57,72.1,,0.0,,,57.89,,,60.0,,,54.0,,,57.89,,,12.0,,,10.0,,,29.18,,,2004-06-25
177,86.0,83.1,110.0,61.0,61.6,48.0,70.29,72.4,,0.0,,,57.07,,,59.0,,,51.0,,,57.07,,,14.0,,,10.0,,,29.1,,,2004-06-26
178,77.0,83.4,111.0,61.0,61.8,52.0,67.26,72.6,,0.0,,,57.74,,,59.0,,,57.0,,,57.74,,,13.0,,,10.0,,,29.1,,,2004-06-27
179,74.0,83.7,106.0,64.0,62.0,52.0,67.2,72.8,,0.0,,,56.08,,,57.0,,,55.0,,,56.08,,,12.0,,,10.0,,,29.14,,,2004-06-28
180,73.0,83.9,103.0,61.0,62.2,53.0,64.6,73.1,,0.0,,,53.72,,,55.0,,,53.0,,,53.72,,,10.0,,,10.0,,,29.18,,,2004-06-29
181,74.0,84.2,104.0,61.0,62.4,50.0,65.61,73.3,,0.0,,,52.57,,,54.0,,,51.0,,,52.57,,,9.0,,,10.0,,,29.18,,,2004-06-30
182,74.0,84.4,106.0,57.0,62.6,51.0,66.0,73.5,,0.0,,,52.79,,,54.0,,,51.0,,,52.79,,,12.0,,,10.0,,,29.23,,,2004-07-01
183,76.0,84.7,106.0,58.0,62.7,45.0,67.05,73.7,,0.0,,,56.18,,,58.0,,,52.0,,,56.18,,,12.0,,,10.0,,,29.17,,,2004-07-02
184,75.0,84.9,107.0,63.0,62.9,51.0,67.12,73.9,,67.12,,,57.0,,,58.0,,,55.0,,,57.0,,,10.0,,,9.0,,,29.16,,,2004-07-03
185,82.0,85.1,105.0,61.0,63.1,53.0,68.29,74.1,,0.0,,,57.61,,,60.0,,,57.0,,,57.61,,,9.0,,,8.0,,,29.14,,,2004-07-04
186,82.0,85.3,103.0,61.0,63.3,52.0,68.21,74.3,,0.0,,,58.34,,,59.0,,,57.0,,,58.34,,,10.0,,,10.0,,,29.16,,,2004-07-05
187,82.0,85.5,115.0,61.0,63.5,53.0,68.62,74.5,,68.62,,,57.96,,,59.0,,,57.0,,,57.96,,,14.0,,,10.0,,,29.2,,,2004-07-06
188,77.0,85.7,106.0,61.0,63.6,52.0,67.37,74.7,,67.37,,,56.81,,,58.0,,,55.0,,,56.81,,,13.0,,,10.0,,,29.17,,,2004-07-07
189,76.0,85.9,102.0,61.0,63.8,52.0,66.24,74.9,,0.0,,,56.44,,,57.0,,,55.0,,,56.44,,,10.0,,,10.0,,,29.12,,,2004-07-08
190,81.0,86.1,101.0,59.0,63.9,52.0,67.27,75.0,,0.0,,,55.19,,,57.0,,,52.0,,,55.19,,,12.0,,,10.0,,,29.15,,,2004-07-09
191,89.0,86.2,104.0,59.0,64.1,55.0,73.35,75.2,,0.0,,,54.04,,,56.0,,,51.0,,,54.04,,,8.0,,,10.0,,,29.1,,,2004-07-10
192,93.0,86.4,104.0,63.0,64.2,51.0,76.57,75.3,,0.0,,,54.78,,,59.0,,,50.0,,,54.78,,,14.0,,,10.0,,,29.06,,,2004-07-11
193,92.0,86.5,104.0,65.0,64.4,53.0,78.65,75.4,,0.0,,,55.61,,,59.0,,,53.0,,,55.61,,,10.0,,,10.0,,,29.01,,,2004-07-12
194,95.0,86.7,105.0,66.0,64.5,54.0,80.09,75.6,,0.0,,,50.48,,,58.0,,,0.0,,,50.48,,,14.0,,,10.0,,,29.06,,,2004-07-13
195,93.0,86.8,105.0,65.0,64.6,55.0,79.04,75.7,,0.0,,,45.52,,,56.0,,,31.0,,,45.52,,,13.0,,,10.0,,,29.12,,,2004-07-14
196,91.0,86.9,108.0,71.0,64.7,56.0,78.91,75.8,,0.0,,,50.96,,,55.0,,,44.0,,,50.96,,,12.0,,,10.0,,,29.17,,,2004-07-15
197,90.0,87.0,102.0,69.0,64.8,55.0,78.52,75.9,,0.0,,,46.48,,,57.0,,,25.0,,,46.48,,,10.0,,,10.0,,,29.11,,,2004-07-16
198,91.0,87.1,104.0,71.0,64.9,56.0,79.74,76.0,,0.0,,,50.57,,,55.0,,,46.0,,,50.57,,,12.0,,,10.0,,,29.1,,,2004-07-17
199,92.0,87.2,104.0,70.0,65.0,56.0,79.83,76.1,,0.0,,,48.74,,,53.0,,,44.0,,,48.74,,,12.0,,,10.0,,,29.11,,,2004-07-18
200,92.0,87.3,103.0,70.0,65.1,54.0,80.83,76.2,,0.0,,,51.74,,,57.0,,,47.0,,,51.74,,,13.0,,,10.0,,,29.09,,,2004-07-19
201,94.0,87.3,101.0,68.0,65.1,53.0,79.96,76.2,,0.0,,,56.96,,,60.0,,,53.0,,,56.96,,,13.0,,,10.0,,,29.07,,,2004-07-20
202,91.0,87.4,102.0,68.0,65.2,52.0,77.39,76.3,,0.0,,,59.0,,,61.0,,,56.0,,,59.0,,,16.0,,,10.0,,,29.07,,,2004-07-21
203,86.0,87.5,110.0,64.0,65.2,52.0,73.13,76.4,,0.0,,,59.22,,,60.0,,,58.0,,,59.22,,,12.0,,,10.0,,,29.05,,,2004-07-22
204,83.0,87.5,102.0,63.0,65.3,54.0,70.77,76.4,,0.0,,,59.73,,,61.0,,,59.0,,,59.73,,,12.0,,,10.0,,,29.07,,,2004-07-23
205,89.0,87.6,102.0,63.0,65.3,55.0,74.52,76.4,,0.0,,,59.61,,,61.0,,,59.0,,,59.61,,,10.0,,,10.0,,,29.11,,,2004-07-24
206,92.0,87.6,100.0,65.0,65.3,55.0,78.0,76.5,,0.0,,,56.7,,,61.0,,,54.0,,,56.7,,,10.0,,,10.0,,,29.13,,,2004-07-25
207,92.0,87.7,106.0,66.0,65.4,55.0,76.78,76.5,,0.0,,,57.17,,,60.0,,,50.0,,,57.17,,,14.0,,,10.0,,,29.09,,,2004-07-26
208,85.0,87.7,105.0,62.0,65.4,55.0,70.59,76.6,,0.0,,,57.52,,,59.0,,,53.0,,,57.52,,,12.0,,,10.0,,,29.12,,,2004-07-27
209,83.0,87.8,108.0,61.0,65.4,55.0,70.08,76.6,,0.0,,,57.23,,,59.0,,,54.0,,,57.23,,,12.0,,,10.0,,,29.15,,,2004-07-28
210,81.0,87.8,107.0,61.0,65.4,55.0,70.09,76.6,,0.0,,,57.04,,,58.0,,,55.0,,,57.04,,,13.0,,,10.0,,,29.13,,,2004-07-29
211,81.0,87.9,107.0,61.0,65.4,56.0,69.83,76.6,,0.0,,,57.3,,,59.0,,,55.0,,,57.3,,,13.0,,,10.0,,,29.07,,,2004-07-30
212,84.0,87.9,105.0,60.0,65.4,53.0,68.34,76.7,,0.0,,,57.9,,,59.0,,,57.0,,,57.9,,,12.0,,,9.0,,,29.09,,,2004-07-31
213,82.0,88.0,105.0,63.0,65.4,55.0,68.86,76.7,,0.0,,,58.04,,,59.0,,,57.0,,,58.04,,,14.0,,,10.0,,,29.13,,,2004-08-01
214,80.0,88.0,100.0,63.0,65.4,54.0,68.73,76.7,,0.0,,,56.85,,,58.0,,,56.0,,,56.85,,,13.0,,,10.0,,,29.19,,,2004-08-02
215,81.0,88.1,102.0,61.0,65.3,53.0,69.12,76.7,,0.0,,,56.12,,,58.0,,,54.0,,,56.12,,,13.0,,,10.0,,,29.13,,,2004-08-03
216,80.0,88.2,103.0,59.0,65.3,56.0,68.3,76.7,,0.0,,,56.61,,,58.0,,,53.0,,,56.61,,,13.0,,,10.0,,,29.08,,,2004-08-04
217,82.0,88.2,102.0,62.0,65.3,52.0,69.96,76.8,,69.96,,,57.96,,,59.0,,,57.0,,,57.96,,,13.0,,,9.0,,,29.12,,,2004-08-05
218,87.0,88.3,105.0,60.0,65.3,55.0,74.57,76.8,,0.0,,,52.22,,,59.0,,,45.0,,,52.22,,,12.0,,,10.0,,,29.14,,,2004-08-06
219,91.0,88.4,107.0,62.0,65.2,56.0,76.26,76.8,,0.0,,,52.22,,,60.0,,,46.0,,,52.22,,,13.0,,,10.0,,,29.1,,,2004-08-07
220,90.0,88.4,103.0,66.0,65.2,55.0,77.26,76.8,,0.0,,,56.83,,,60.0,,,52.0,,,56.83,,,12.0,,,10.0,,,29.1,,,2004-08-08
221,92.0,88.5,102.0,68.0,65.2,53.0,79.09,76.8,,0.0,,,56.61,,,60.0,,,50.0,,,56.61,,,13.0,,,10.0,,,29.13,,,2004-08-09
222,96.0,88.6,101.0,70.0,65.1,55.0,81.7,76.8,,0.0,,,54.13,,,58.0,,,45.0,,,54.13,,,13.0,,,10.0,,,29.08,,,2004-08-10
223,92.0,88.6,100.0,69.0,65.1,54.0,78.35,76.9,,0.0,,,58.39,,,61.0,,,56.0,,,58.39,,,12.0,,,10.0,,,29.07,,,2004-08-11
224,86.0,88.7,102.0,67.0,65.1,53.0,74.7,76.9,,0.0,,,60.48,,,62.0,,,59.0,,,60.48,,,12.0,,,10.0,,,29.14,,,2004-08-12
225,88.0,88.8,107.0,67.0,65.0,54.0,74.3,76.9,,0.0,,,59.74,,,62.0,,,58.0,,,59.74,,,12.0,,,10.0,,,29.13,,,2004-08-13
226,84.0,88.9,104.0,66.0,65.0,54.0,74.09,76.9,,0.0,,,58.61,,,62.0,,,57.0,,,58.61,,,13.0,,,10.0,,,29.13,,,2004-08-14
227,84.0,88.9,104.0,65.0,65.0,51.0,72.74,76.9,,0.0,,,59.09,,,61.0,,,57.0,,,59.09,,,12.0,,,10.0,,,29.14,,,2004-08-15
228,85.0,89.0,102.0,64.0,64.9,49.0,72.46,77.0,,0.0,,,60.21,,,61.0,,,59.0,,,60.21,,,13.0,,,8.0,,,29.14,,,2004-08-16
229,86.0,89.1,103.0,63.0,64.9,53.0,70.96,77.0,,0.0,,,60.86,,,62.0,,,59.0,,,60.86,,,12.0,,,10.0,,,29.2,,,2004-08-17
230,83.0,89.1,109.0,62.0,64.8,55.0,69.85,77.0,,0.0,,,59.93,,,61.0,,,58.0,,,59.93,,,14.0,,,10.0,,,29.13,,,2004-08-18
231,82.0,89.2,103.0,61.0,64.8,52.0,69.04,77.0,,0.0,,,57.77,,,59.0,,,55.0,,,57.77,,,13.0,,,10.0,,,29.17,,,2004-08-19
232,79.0,89.3,102.0,63.0,64.8,54.0,69.52,77.0,,0.0,,,58.52,,,60.0,,,58.0,,,58.52,,,13.0,,,10.0,,,29.16,,,2004-08-20
233,76.0,89.3,109.0,62.0,64.7,53.0,67.04,77.0,,0.0,,,58.07,,,59.0,,,57.0,,,58.07,,,13.0,,,10.0,,,29.18,,,2004-08-21
234,80.0,89.4,105.0,61.0,64.7,52.0,68.27,77.0,,0.0,,,56.42,,,58.0,,,55.0,,,56.42,,,12.0,,,10.0,,,29.13,,,2004-08-22
235,74.0,89.4,100.0,61.0,64.7,52.0,66.5,77.0,,0.0,,,56.42,,,57.0,,,56.0,,,56.42,,,12.0,,,10.0,,,29.1,,,2004-08-23
236,77.0,89.4,103.0,60.0,64.6,49.0,67.12,77.0,,0.0,,,55.88,,,57.0,,,55.0,,,55.88,,,13.0,,,10.0,,,29.16,,,2004-08-24
237,80.0,89.5,107.0,61.0,64.6,52.0,70.61,77.0,,0.0,,,58.13,,,60.0,,,55.0,,,58.13,,,13.0,,,10.0,,,29.14,,,2004-08-25
238,80.0,89.5,108.0,63.0,64.5,54.0,68.81,77.0,,0.0,,,60.11,,,61.0,,,58.0,,,60.11,,,13.0,,,9.0,,,29.13,,,2004-08-26
239,83.0,89.5,110.0,65.0,64.5,50.0,71.38,77.0,,0.0,,,59.25,,,61.0,,,58.0,,,59.25,,,12.0,,,10.0,,,29.09,,,2004-08-27
240,84.0,89.5,109.0,61.0,64.5,46.0,69.09,77.0,,0.0,,,59.66,,,61.0,,,52.0,,,59.66,,,12.0,,,10.0,,,29.14,,,2004-08-28
241,87.0,89.4,110.0,61.0,64.4,50.0,68.47,76.9,,0.0,,,59.12,,,61.0,,,55.0,,,59.12,,,13.0,,,10.0,,,29.13,,,2004-08-29
242,89.0,89.4,109.0,61.0,64.4,51.0,71.36,76.9,,0.0,,,56.0,,,61.0,,,43.0,,,56.0,,,10.0,,,10.0,,,29.11,,,2004-08-30
243,96.0,89.4,108.0,61.0,64.3,49.0,77.78,76.8,,0.0,,,49.74,,,60.0,,,40.0,,,49.74,,,9.0,,,10.0,,,29.1,,,2004-08-31
244,98.0,89.3,108.0,64.0,64.3,49.0,80.83,76.8,,0.0,,,48.52,,,60.0,,,41.0,,,48.52,,,12.0,,,10.0,,,29.11,,,2004-09-01
245,92.0,89.2,111.0,66.0,64.2,50.0,77.46,76.7,,0.0,,,54.58,,,63.0,,,47.0,,,54.58,,,14.0,,,10.0,,,29.0,,,2004-09-02
246,78.0,89.2,109.0,66.0,64.1,52.0,71.0,76.7,,0.0,,,57.88,,,61.0,,,55.0,,,57.88,,,12.0,,,10.0,,,28.97,,,2004-09-03
247,91.0,89.1,110.0,61.0,64.1,49.0,75.71,76.6,,0.0,,,47.04,,,59.0,,,0.0,,,47.04,,,12.0,,,10.0,,,29.02,,,2004-09-04
248,99.0,88.9,115.0,64.0,64.0,54.0,82.74,76.5,,0.0,,,31.39,,,46.0,,,0.0,,,31.39,,,13.0,,,10.0,,,29.07,,,2004-09-05
249,94.0,88.8,115.0,66.0,64.0,50.0,79.83,76.4,,0.0,,,43.7,,,61.0,,,29.0,,,43.7,,,12.0,,,10.0,,,29.07,,,2004-09-06
250,97.0,88.7,104.0,64.0,63.9,46.0,78.96,76.3,,0.0,,,52.04,,,64.0,,,43.0,,,52.04,,,12.0,,,10.0,,,29.04,,,2004-09-07
251,95.0,88.5,108.0,70.0,63.8,49.0,80.83,76.2,,0.0,,,56.0,,,66.0,,,52.0,,,56.0,,,12.0,,,10.0,,,29.02,,,2004-09-08
252,93.0,88.3,112.0,72.0,63.7,48.0,81.16,76.0,,0.0,,,59.37,,,63.0,,,53.0,,,59.37,,,9.0,,,10.0,,,29.03,,,2004-09-09
253,95.0,88.1,110.0,71.0,63.6,49.0,82.09,75.9,,0.0,,,58.43,,,63.0,,,55.0,,,58.43,,,10.0,,,10.0,,,29.06,,,2004-09-10
254,94.0,88.0,109.0,73.0,63.5,47.0,82.57,75.7,,0.0,,,58.26,,,63.0,,,53.0,,,58.26,,,10.0,,,10.0,,,29.11,,,2004-09-11
255,87.0,87.7,113.0,67.0,63.4,46.0,76.91,75.6,,0.0,,,57.35,,,63.0,,,52.0,,,57.35,,,12.0,,,10.0,,,29.06,,,2004-09-12
256,80.0,87.5,112.0,67.0,63.3,49.0,71.71,75.4,,0.0,,,61.46,,,64.0,,,58.0,,,61.46,,,10.0,,,10.0,,,29.04,,,2004-09-13
257,79.0,87.3,109.0,67.0,63.2,48.0,71.58,75.3,,0.0,,,59.08,,,61.0,,,56.0,,,59.08,,,10.0,,,10.0,,,29.02,,,2004-09-14
258,81.0,87.0,106.0,66.0,63.1,45.0,71.08,75.1,,0.0,,,61.28,,,64.0,,,58.0,,,61.28,,,12.0,,,10.0,,,29.02,,,2004-09-15
259,81.0,86.8,105.0,68.0,63.0,50.0,72.42,74.9,,0.0,,,60.92,,,63.0,,,59.0,,,60.92,,,9.0,,,10.0,,,29.06,,,2004-09-16
260,79.0,86.5,103.0,64.0,62.9,50.0,69.81,74.7,,0.0,,,60.48,,,62.0,,,59.0,,,60.48,,,12.0,,,8.0,,,29.07,,,2004-09-17
261,78.0,86.3,105.0,63.0,62.8,47.0,68.36,74.5,,0.0,,,58.14,,,60.0,,,57.0,,,58.14,,,13.0,,,9.0,,,28.98,,,2004-09-18
262,74.0,86.0,104.0,62.0,62.6,49.0,66.62,74.3,,0.0,,,51.31,,,57.0,,,34.0,,,51.31,,,15.0,,,10.0,,,29.03,,,2004-09-19
263,73.0,85.7,104.0,56.0,62.5,49.0,65.57,74.1,,0.0,,,39.74,,,52.0,,,0.0,,,39.74,,,16.0,,,10.0,,,29.15,,,2004-09-20
264,87.0,85.4,100.0,63.0,62.4,47.0,76.78,73.9,,0.0,,,23.83,,,39.0,,,0.0,,,23.83,,,25.0,,,10.0,,,29.2,,,2004-09-21
265,88.0,85.1,104.0,61.0,62.2,48.0,75.04,73.7,,0.0,,,25.74,,,31.0,,,21.0,,,25.74,,,12.0,,,10.0,,,29.18,,,2004-09-22
266,91.0,84.8,107.0,61.0,62.1,49.0,76.88,73.5,,0.0,,,28.04,,,37.0,,,0.0,,,28.04,,,14.0,,,10.0,,,29.15,,,2004-09-23
267,91.0,84.5,108.0,60.0,61.9,48.0,76.22,73.2,,0.0,,,39.74,,,56.0,,,33.0,,,39.74,,,10.0,,,10.0,,,29.12,,,2004-09-24
268,92.0,84.2,109.0,61.0,61.8,50.0,75.35,73.0,,0.0,,,49.43,,,59.0,,,41.0,,,49.43,,,10.0,,,10.0,,,29.1,,,2004-09-25
269,91.0,84.0,107.0,61.0,61.6,49.0,73.58,72.8,,0.0,,,54.75,,,61.0,,,50.0,,,54.75,,,10.0,,,10.0,,,29.09,,,2004-09-26
270,85.0,83.7,110.0,57.0,61.4,50.0,66.97,72.6,,0.0,,,56.74,,,60.0,,,49.0,,,56.74,,,10.0,,,9.0,,,29.15,,,2004-09-27
271,74.0,83.4,104.0,59.0,61.3,45.0,64.62,72.3,,0.0,,,54.62,,,57.0,,,52.0,,,54.62,,,12.0,,,8.0,,,29.16,,,2004-09-28
272,71.0,83.1,106.0,62.0,61.1,45.0,65.0,72.1,,0.0,,,52.71,,,55.0,,,48.0,,,52.71,,,10.0,,,10.0,,,29.11,,,2004-09-29
273,68.0,82.8,111.0,62.0,60.9,46.0,63.92,71.9,,0.0,,,53.46,,,55.0,,,51.0,,,53.46,,,9.0,,,10.0,,,29.07,,,2004-09-30
274,74.0,82.5,108.0,61.0,60.7,43.0,65.87,71.6,,0.0,,,54.26,,,56.0,,,52.0,,,54.26,,,9.0,,,10.0,,,29.16,,,2004-10-01
275,79.0,82.3,102.0,56.0,60.6,45.0,66.26,71.4,,0.0,,,53.35,,,57.0,,,50.0,,,53.35,,,12.0,,,10.0,,,29.19,,,2004-10-02
276,82.0,82.0,103.0,57.0,60.4,45.0,66.65,71.2,,0.0,,,55.7,,,58.0,,,51.0,,,55.7,,,10.0,,,10.0,,,29.22,,,2004-10-03
277,80.0,81.7,104.0,58.0,60.2,47.0,66.48,71.0,,0.0,,,55.3,,,57.0,,,51.0,,,55.3,,,10.0,,,10.0,,,29.17,,,2004-10-04
278,81.0,81.5,102.0,55.0,60.0,44.0,67.26,70.7,,0.0,,,54.48,,,59.0,,,47.0,,,54.48,,,9.0,,,10.0,,,29.13,,,2004-10-05
279,87.0,81.3,118.0,58.0,59.8,46.0,69.71,70.5,,0.0,,,55.29,,,59.0,,,50.0,,,55.29,,,9.0,,,10.0,,,29.11,,,2004-10-06
280,88.0,81.0,99.0,57.0,59.6,47.0,68.76,70.3,,0.0,,,55.86,,,60.0,,,50.0,,,55.86,,,8.0,,,5.0,,,29.18,,,2004-10-07
281,92.0,80.8,102.0,59.0,59.4,44.0,75.04,70.1,,0.0,,,45.83,,,59.0,,,33.0,,,45.83,,,9.0,,,10.0,,,29.13,,,2004-10-08
282,77.0,80.6,104.0,55.0,59.2,45.0,63.75,69.9,,0.0,,,54.41,,,58.0,,,44.0,,,54.41,,,14.0,,,10.0,,,29.09,,,2004-10-09
283,72.0,80.4,105.0,57.0,59.0,46.0,63.16,69.7,,63.16,,,53.58,,,57.0,,,51.0,,,53.58,,,9.0,,,10.0,,,29.01,,,2004-10-10
284,78.0,80.2,105.0,55.0,58.8,43.0,65.35,69.5,,0.0,,,52.96,,,58.0,,,49.0,,,52.96,,,9.0,,,10.0,,,29.05,,,2004-10-11
285,88.0,80.0,99.0,59.0,58.6,43.0,68.77,69.3,,0.0,,,55.54,,,60.0,,,44.0,,,55.54,,,13.0,,,10.0,,,29.1,,,2004-10-12
286,81.0,79.8,102.0,63.0,58.3,43.0,67.08,69.1,,67.08,,,57.88,,,60.0,,,57.0,,,57.88,,,13.0,,,10.0,,,29.12,,,2004-10-13
287,91.0,79.6,99.0,57.0,58.1,44.0,72.87,68.9,,0.0,,,44.13,,,58.0,,,0.0,,,44.13,,,10.0,,,10.0,,,29.11,,,2004-10-14
288,77.0,79.4,98.0,57.0,57.9,44.0,63.67,68.6,,0.0,,,55.6,,,59.0,,,52.0,,,55.6,,,10.0,,,7.0,,,29.1,,,2004-10-15
289,65.0,79.2,100.0,57.0,57.7,44.0,60.33,68.4,,60.33,,,54.03,,,57.0,,,52.0,,,54.03,,,12.0,,,10.0,,,29.1,,,2004-10-16
290,67.0,79.1,99.0,59.0,57.4,42.0,61.8,68.2,,61.8,,,57.22,,,61.0,,,55.0,,,57.22,,,15.0,,,10.0,,,29.09,,,2004-10-17
291,64.0,78.9,96.0,59.0,57.2,42.0,61.33,68.0,,61.33,,,57.15,,,59.0,,,55.0,,,57.15,,,12.0,,,10.0,,,29.1,,,2004-10-18
292,64.0,78.8,97.0,57.0,56.9,41.0,60.87,67.8,,0.0,,,57.0,,,61.0,,,55.0,,,57.0,,,21.0,,,10.0,,,29.07,,,2004-10-19
293,63.0,78.6,99.0,55.0,56.7,44.0,59.2,67.6,,59.2,,,55.98,,,61.0,,,50.0,,,55.98,,,20.0,,,10.0,,,28.97,,,2004-10-20
294,66.0,78.4,103.0,49.0,56.4,42.0,57.3,67.4,,0.0,,,46.43,,,50.0,,,42.0,,,46.43,,,12.0,,,10.0,,,29.07,,,2004-10-21
295,69.0,78.3,102.0,50.0,56.2,42.0,57.96,67.2,,0.0,,,47.0,,,50.0,,,43.0,,,47.0,,,10.0,,,10.0,,,29.19,,,2004-10-22
296,71.0,78.1,102.0,49.0,55.9,42.0,59.65,67.0,,0.0,,,47.09,,,51.0,,,44.0,,,47.09,,,10.0,,,10.0,,,29.15,,,2004-10-23
297,68.0,78.0,104.0,52.0,55.7,41.0,58.78,66.8,,0.0,,,48.93,,,52.0,,,46.0,,,48.93,,,10.0,,,10.0,,,29.06,,,2004-10-24
298,67.0,77.8,100.0,54.0,55.4,37.0,60.35,66.6,,0.0,,,50.17,,,52.0,,,48.0,,,50.17,,,10.0,,,10.0,,,29.04,,,2004-10-25
299,62.0,77.6,98.0,51.0,55.1,39.0,55.83,66.4,,0.0,,,50.52,,,54.0,,,44.0,,,50.52,,,17.0,,,10.0,,,29.02,,,2004-10-26
300,59.0,77.5,95.0,50.0,54.8,39.0,54.22,66.2,,0.0,,,48.72,,,52.0,,,43.0,,,48.72,,,14.0,,,10.0,,,29.01,,,2004-10-27
301,65.0,77.3,96.0,50.0,54.6,35.0,56.3,65.9,,0.0,,,45.39,,,50.0,,,39.0,,,45.39,,,10.0,,,10.0,,,29.26,,,2004-10-28
302,67.0,77.1,97.0,48.0,54.3,37.0,56.12,65.7,,0.0,,,44.96,,,48.0,,,39.0,,,44.96,,,8.0,,,10.0,,,29.35,,,2004-10-29
303,72.0,76.9,96.0,46.0,54.0,33.0,58.13,65.5,,0.0,,,42.52,,,49.0,,,37.0,,,42.52,,,10.0,,,10.0,,,29.25,,,2004-10-30
304,75.0,76.8,92.0,48.0,53.7,35.0,58.11,65.2,,0.0,,,38.21,,,46.0,,,0.0,,,38.21,,,18.0,,,10.0,,,29.21,,,2004-10-31
305,73.0,76.6,97.0,49.0,53.4,36.0,60.58,65.0,,0.0,,,29.0,,,37.0,,,0.0,,,29.0,,,8.0,,,10.0,,,29.4,,,2004-11-01
306,76.0,76.3,98.0,47.0,53.1,39.0,60.17,64.7,,0.0,,,21.88,,,33.0,,,0.0,,,21.88,,,10.0,,,10.0,,,29.44,,,2004-11-02
307,70.0,76.1,101.0,45.0,52.8,38.0,57.71,64.5,,0.0,,,38.17,,,50.0,,,0.0,,,38.17,,,12.0,,,10.0,,,29.29,,,2004-11-03
308,62.0,75.9,97.0,45.0,52.5,38.0,53.5,64.2,,0.0,,,37.83,,,42.0,,,34.0,,,37.83,,,10.0,,,10.0,,,29.24,,,2004-11-04
309,65.0,75.7,93.0,44.0,52.2,39.0,53.96,63.9,,0.0,,,40.21,,,43.0,,,37.0,,,40.21,,,10.0,,,10.0,,,29.28,,,2004-11-05
310,67.0,75.4,95.0,47.0,51.9,38.0,56.17,63.6,,0.0,,,43.3,,,47.0,,,40.0,,,43.3,,,10.0,,,10.0,,,29.18,,,2004-11-06
311,64.0,75.2,95.0,49.0,51.5,36.0,56.29,63.4,,0.0,,,45.79,,,49.0,,,44.0,,,45.79,,,7.0,,,10.0,,,29.17,,,2004-11-07
312,63.0,74.9,93.0,54.0,51.2,36.0,57.56,63.1,,0.0,,,49.33,,,53.0,,,46.0,,,49.33,,,10.0,,,10.0,,,29.26,,,2004-11-08
313,62.0,74.6,94.0,51.0,50.9,38.0,57.21,62.8,,57.21,,,49.59,,,54.0,,,46.0,,,49.59,,,7.0,,,10.0,,,29.32,,,2004-11-09
314,66.0,74.3,93.0,49.0,50.6,38.0,57.54,62.5,,0.0,,,47.04,,,50.0,,,43.0,,,47.04,,,9.0,,,10.0,,,29.29,,,2004-11-10
315,64.0,74.1,90.0,51.0,50.3,37.0,56.83,62.2,,0.0,,,48.04,,,52.0,,,46.0,,,48.04,,,12.0,,,10.0,,,29.33,,,2004-11-11
316,73.0,73.8,93.0,47.0,50.0,34.0,59.25,61.9,,0.0,,,43.04,,,49.0,,,39.0,,,43.04,,,14.0,,,10.0,,,29.17,,,2004-11-12
317,69.0,73.4,94.0,52.0,49.6,35.0,58.38,61.5,,0.0,,,48.58,,,54.0,,,42.0,,,48.58,,,8.0,,,10.0,,,29.15,,,2004-11-13
318,76.0,73.1,92.0,50.0,49.3,36.0,65.29,61.2,,0.0,,,31.42,,,48.0,,,0.0,,,31.42,,,20.0,,,10.0,,,29.2,,,2004-11-14
319,75.0,72.8,92.0,52.0,49.0,35.0,63.21,60.9,,0.0,,,37.29,,,41.0,,,35.0,,,37.29,,,9.0,,,10.0,,,29.22,,,2004-11-15
320,73.0,72.5,90.0,50.0,48.7,31.0,61.25,60.6,,0.0,,,40.08,,,43.0,,,37.0,,,40.08,,,8.0,,,10.0,,,29.31,,,2004-11-16
321,74.0,72.2,92.0,49.0,48.4,30.0,60.79,60.3,,0.0,,,41.17,,,42.0,,,38.0,,,41.17,,,8.0,,,10.0,,,29.37,,,2004-11-17
322,74.0,71.8,91.0,50.0,48.1,32.0,60.29,60.0,,0.0,,,41.42,,,44.0,,,38.0,,,41.42,,,8.0,,,10.0,,,29.34,,,2004-11-18
323,68.0,71.5,94.0,46.0,47.8,33.0,57.85,59.6,,0.0,,,46.31,,,54.0,,,37.0,,,46.31,,,12.0,,,10.0,,,29.22,,,2004-11-19
324,65.0,71.2,90.0,51.0,47.5,31.0,57.81,59.3,,0.0,,,48.69,,,53.0,,,43.0,,,48.69,,,15.0,,,10.0,,,29.14,,,2004-11-20
325,54.0,70.8,91.0,47.0,47.2,31.0,50.96,59.0,,0.0,,,29.04,,,46.0,,,0.0,,,29.04,,,14.0,,,10.0,,,29.09,,,2004-11-21
326,62.0,70.5,95.0,46.0,47.0,33.0,53.88,58.7,,0.0,,,29.67,,,39.0,,,0.0,,,29.67,,,15.0,,,10.0,,,29.2,,,2004-11-22
327,61.0,70.1,93.0,41.0,46.7,34.0,50.76,58.4,,0.0,,,41.16,,,47.0,,,35.0,,,41.16,,,8.0,,,10.0,,,29.28,,,2004-11-23
328,67.0,69.8,89.0,43.0,46.4,33.0,54.22,58.1,,0.0,,,41.48,,,47.0,,,38.0,,,41.48,,,7.0,,,10.0,,,29.35,,,2004-11-24
329,68.0,69.5,95.0,42.0,46.2,34.0,54.21,57.8,,0.0,,,36.38,,,49.0,,,0.0,,,36.38,,,8.0,,,10.0,,,29.31,,,2004-11-25
330,65.0,69.2,90.0,45.0,46.0,33.0,53.93,57.6,,0.0,,,46.07,,,51.0,,,40.0,,,46.07,,,8.0,,,7.0,,,29.27,,,2004-11-26
331,57.0,68.9,92.0,46.0,45.7,32.0,52.32,57.3,,0.0,,,47.61,,,54.0,,,34.0,,,47.61,,,16.0,,,10.0,,,29.24,,,2004-11-27
332,60.0,68.6,90.0,47.0,45.5,30.0,52.46,57.0,,0.0,,,16.54,,,31.0,,,-2.0,,,16.54,,,21.0,,,10.0,,,29.33,,,2004-11-28
333,58.0,68.3,87.0,39.0,45.3,34.0,48.13,56.8,,0.0,,,14.79,,,25.0,,,4.0,,,14.79,,,10.0,,,10.0,,,29.51,,,2004-11-29
334,60.0,68.0,86.0,34.0,45.1,29.0,46.29,56.6,,0.0,,,17.5,,,27.0,,,6.0,,,17.5,,,8.0,,,10.0,,,29.52,,,2004-11-30
335,62.0,67.7,88.0,33.0,45.0,31.0,46.71,56.3,,0.0,,,18.83,,,24.0,,,10.0,,,18.83,,,9.0,,,10.0,,,29.34,,,2004-12-01
336,63.0,67.5,84.0,36.0,44.8,33.0,50.4,56.1,,0.0,,,19.44,,,23.0,,,15.0,,,19.44,,,10.0,,,10.0,,,29.3,,,2004-12-02
337,65.0,67.2,100.0,39.0,44.6,31.0,52.08,55.9,,0.0,,,20.79,,,27.0,,,14.0,,,20.79,,,10.0,,,10.0,,,29.24,,,2004-12-03
338,59.0,67.0,102.0,36.0,44.5,32.0,48.65,55.8,,0.0,,,34.58,,,46.0,,,24.0,,,34.58,,,12.0,,,10.0,,,29.15,,,2004-12-04
339,52.0,66.8,104.0,43.0,44.4,32.0,48.0,55.6,,0.0,,,42.62,,,45.0,,,38.0,,,42.62,,,17.0,,,10.0,,,28.97,,,2004-12-05
340,56.0,66.6,86.0,37.0,44.3,31.0,47.89,55.4,,0.0,,,41.81,,,47.0,,,36.0,,,41.81,,,10.0,,,10.0,,,29.29,,,2004-12-06
341,54.0,66.4,86.0,48.0,44.2,29.0,50.52,55.3,,0.0,,,43.69,,,47.0,,,38.0,,,43.69,,,12.0,,,10.0,,,29.33,,,2004-12-07
342,60.0,66.2,87.0,48.0,44.1,22.0,52.37,55.2,,0.0,,,47.5,,,50.0,,,46.0,,,47.5,,,9.0,,,10.0,,,29.4,,,2004-12-08
343,67.0,66.1,84.0,47.0,44.0,26.0,55.0,55.1,,0.0,,,46.75,,,50.0,,,43.0,,,46.75,,,10.0,,,10.0,,,29.41,,,2004-12-09
344,82.0,66.0,82.0,49.0,44.0,32.0,64.5,55.0,,0.0,,,41.42,,,46.0,,,37.0,,,41.42,,,10.0,,,10.0,,,29.35,,,2004-12-10
345,84.0,65.9,89.0,54.0,43.9,28.0,66.58,54.9,,0.0,,,40.75,,,45.0,,,37.0,,,40.75,,,8.0,,,10.0,,,29.22,,,2004-12-11
346,64.0,65.8,88.0,46.0,43.9,27.0,54.45,54.8,,0.0,,,48.79,,,52.0,,,43.0,,,48.79,,,12.0,,,10.0,,,29.32,,,2004-12-12
347,68.0,65.7,85.0,48.0,43.8,31.0,55.43,54.8,,0.0,,,47.93,,,52.0,,,44.0,,,47.93,,,7.0,,,9.0,,,29.38,,,2004-12-13
348,80.0,65.6,83.0,46.0,43.8,30.0,60.96,54.7,,0.0,,,35.13,,,44.0,,,0.0,,,35.13,,,6.0,,,10.0,,,29.39,,,2004-12-14
349,76.0,65.6,83.0,47.0,43.8,28.0,62.0,54.7,,0.0,,,30.83,,,40.0,,,0.0,,,30.83,,,13.0,,,10.0,,,29.32,,,2004-12-15
350,77.0,65.5,88.0,55.0,43.8,29.0,67.32,54.7,,0.0,,,14.44,,,26.0,,,3.0,,,14.44,,,28.0,,,10.0,,,29.45,,,2004-12-16
351,73.0,65.5,88.0,46.0,43.9,29.0,59.5,54.7,,0.0,,,24.29,,,30.0,,,15.0,,,24.29,,,8.0,,,10.0,,,29.46,,,2004-12-17
352,81.0,65.5,97.0,42.0,43.9,31.0,59.08,54.7,,0.0,,,23.42,,,30.0,,,11.0,,,23.42,,,7.0,,,10.0,,,29.4,,,2004-12-18
353,78.0,65.5,84.0,46.0,43.9,33.0,61.58,54.7,,0.0,,,27.0,,,33.0,,,21.0,,,27.0,,,8.0,,,10.0,,,29.36,,,2004-12-19
354,70.0,65.6,83.0,46.0,44.0,30.0,56.54,54.8,,0.0,,,36.58,,,52.0,,,0.0,,,36.58,,,8.0,,,10.0,,,29.2,,,2004-12-20
355,63.0,65.6,85.0,48.0,44.0,26.0,55.19,54.8,,55.19,,,44.96,,,48.0,,,40.0,,,44.96,,,9.0,,,10.0,,,29.2,,,2004-12-21
356,63.0,65.6,85.0,45.0,44.1,25.0,52.29,54.9,,0.0,,,33.79,,,44.0,,,0.0,,,33.79,,,6.0,,,10.0,,,29.29,,,2004-12-22
357,68.0,65.7,85.0,41.0,44.1,25.0,54.72,54.9,,0.0,,,16.08,,,26.0,,,4.0,,,16.08,,,23.0,,,10.0,,,29.36,,,2004-12-23
358,66.0,65.8,87.0,40.0,44.2,27.0,52.17,55.0,,0.0,,,22.17,,,30.0,,,16.0,,,22.17,,,8.0,,,10.0,,,29.46,,,2004-12-24
359,66.0,65.8,84.0,38.0,44.3,26.0,50.96,55.0,,0.0,,,26.67,,,38.0,,,0.0,,,26.67,,,8.0,,,10.0,,,29.37,,,2004-12-25
360,56.0,65.9,81.0,43.0,44.3,25.0,49.96,55.1,,0.0,,,31.76,,,45.0,,,0.0,,,31.76,,,7.0,,,10.0,,,29.19,,,2004-12-26
361,59.0,66.0,80.0,51.0,44.4,29.0,54.31,55.2,,0.0,,,45.62,,,52.0,,,40.0,,,45.62,,,20.0,,,10.0,,,29.13,,,2004-12-27
362,58.0,66.1,84.0,50.0,44.5,30.0,52.47,55.3,,0.0,,,47.84,,,52.0,,,43.0,,,47.84,,,24.0,,,10.0,,,29.05,,,2004-12-28
363,56.0,66.2,84.0,49.0,44.5,30.0,52.29,55.4,,0.0,,,48.33,,,52.0,,,46.0,,,48.33,,,17.0,,,10.0,,,29.23,,,2004-12-29
364,57.0,66.3,86.0,45.0,44.6,28.0,51.41,55.4,,0.0,,,44.56,,,48.0,,,41.0,,,44.56,,,12.0,,,10.0,,,29.31,,,2004-12-30
365,56.0,66.4,85.0,46.0,44.7,29.0,50.21,55.5,,0.0,,,45.04,,,49.0,,,40.0,,,45.04,,,21.0,,,10.0,,,29.19,,,2004-12-31
